"Stock","Low.80","Low.95"
"AFL",43.8624106770163,39.9836979068923
"AVB",157.570335443035,143.694120040042
"EA",109.792448639415,99.9149948354929
"HII",158.341124387332,137.738718782458
"IDXX",-1172.3218971399,-1710.34265121013
"SYK",211.05017710608,197.547733752969
"TGT",67.5195326369108,-136.665385018532
"TSCO",161.026439692707,151.54349355145
"VFC",67.8918812956345,61.8321068650067
"WST",-139.589437039512,-425.627767209731
