"Type","AFL","AVB","EA","HII","IDXX","SYK","TGT","TSCO","VFC","WST"
"MinVar",0.0921126161161144,0.165225760307764,0.0747046902742291,0.0629668778721963,0.0977843980430131,0.0751964737854044,0.145994455630125,0.114416822852091,0.00923777446801051,0.162360130651053
